{
  "compilerOptions": {
    "target": "es6",
    "module": "esnext",
    "jsx": "react",
    "declaration": true,
    "declarationMap": true,
    "sourceMap": true,
    "strict": true,
    "noImplicitAny": false,
    "strictFunctionTypes": true,
    "noUnusedLocals": true,
    "noImplicitReturns": true,
    "esModuleInterop": true,
    "experimentalDecorators": true,
    "emitDecoratorMetadata": true,
    "lib": [
      "dom",
      "dom.iterable",
      "esnext"
    ],
    "allowJs": true,
    "skipLibCheck": true,
    "allowSyntheticDefaultImports": true,
    "forceConsistentCasingInFileNames": true,
    "resolveJsonModule": true,
    "isolatedModules": true,
    "moduleResolution": "node"
  }
}