{
  "$schema": "https://schema.management.azure.com/schemas/2019-04-01/deploymentTemplate.json#",
  "contentVersion": "1.0.0.0",
  "parameters": {
    "appName": {
      "type": "string"
    },
    "sku": {
      "type": "string",
      "defaultValue": "F1",
      "metadata": {
        "description": "The SKU of App Service Plan."
      }
    },
    "packageUrl": {
      "type": "string",
      "defaultValue": "http://github.com/azure-samples/communication-services-web-calling-hero/releases/latest/download/group-calling.zip"
    }
  },
  "variables": {
    "location": "[resourceGroup().location]",
    "commsName": "[concat('CommunicationServices-', parameters('appName'))]",
    "appServicePlanPortalName": "[concat('AppServicePlan-', parameters('appName'))]"
  },
  "resources": [
      {
        "name": "[variables('commsName')]",
        "type": "Microsoft.Communication/communicationServices",
        "apiVersion": "2020-08-20-preview",
        "location": "global",
        "tags": {},
        "properties": {
          "dataLocation": "United States"
        }
      },
    {
      "type": "Microsoft.Web/serverfarms",
      "apiVersion": "2020-06-01",
      "name": "[variables('appServicePlanPortalName')]",
      "location": "[resourceGroup().location]",
      "sku": {
        "name": "[parameters('sku')]"
      },
      "properties": {}
    },
    {
      "type": "Microsoft.Web/sites",
      "apiVersion": "2020-06-01",
      "name": "[parameters('appName')]",
      "location": "[variables('location')]",
      "dependsOn": [
        "[resourceId('Microsoft.Web/serverfarms', variables('appServicePlanPortalName'))]",
        "[resourceId('Microsoft.Communication/communicationServices', variables('commsName'))]"
      ],
      "properties": {
        "serverFarmId": "[resourceId('Microsoft.Web/serverfarms', variables('appServicePlanPortalName'))]"
      },
            "resources": [
              {
          "name": "appsettings",
          "type": "config",
          "apiVersion": "2018-11-01",
          "dependsOn": [
            "[resourceId('Microsoft.Web/sites', parameters('appName'))]"
          ],
          "tags": {
            "displayName": "appsettings"
          },
          "properties": {
            "ResourceConnectionString": "[listkeys(variables('commsName'), '2020-08-20-preview' ).primaryConnectionString]",
            "WEBSITE_NODE_DEFAULT_VERSION": "~14"
          }
        },
        {
            "name": "MSDeploy",
            "type": "extensions",
            "location": "[resourceGroup().location]",
            "apiVersion": "2015-08-01",
            "dependsOn": [
              "[resourceId('Microsoft.Web/sites', parameters('appName'))]",
            "[resourceId('Microsoft.Web/sites/config', parameters('appName'), 'appsettings')]"
            ],
            "properties": {
              "packageUri": "[parameters('packageUrl')]"
            }
          }
      ]
    }
  ]
}
